"category","job_number","work_date","address","station","work_time","payment","transport_fee","task","count","special_note","search_guide"
"健診医師求人","E457-152-868","2026年9月19日（土）","埼玉県所沢市","西武池袋線小手指駅徒歩2分","9:00～12:00","45,000円","別途 上限有","問診 子宮がん検診","","女性医師が望ましい /","以下の公式サイトで求人番号を入力し、お問合せください。
 https://www.e-doctor.ne.jp/k
 求人番号：E457-152-868"
"健診医師求人","E187-067-310","2026年10月17日（土）","埼玉県所沢市","西武池袋線小手指駅徒歩2分","9:00～12:00","45,000円","別途 上限有","問診 子宮がん検診","","女性医師が望ましい /","以下の公式サイトで求人番号を入力し、お問合せください。
 https://www.e-doctor.ne.jp/k
 求人番号：E187-067-310"
"健診医師求人","E064-606-602","2026年10月15日（木）","東京都立川市","JR線立川(南口)駅徒歩10分","9:10～13:30","55,000円","別途 上限3,000円","問診 子宮がん検診","受診者数約70名 /","女性医師が望ましい /","以下の公式サイトで求人番号を入力し、お問合せください。
 https://www.e-doctor.ne.jp/k
 求人番号：E064-606-602"
"健診医師求人","E060-280-058","2027年1月21日（木）","茨城県水戸市","JR常磐線内原駅徒歩10分","10:10～14:30","55,000円","別途 上限12,000円","問診 子宮がん検診","受診者数約60名 /","女性医師が望ましい /","以下の公式サイトで求人番号を入力し、お問合せください。
 https://www.e-doctor.ne.jp/k
 求人番号：E060-280-058"
"健診医師求人","E204-084-037","2026年9月26日（土）","群馬県邑楽郡大泉町","東武小泉線東小泉駅ﾀｸｼｰ10分","9:30～13:30","55,000円","別途 上限10,000円","問診 子宮がん検診","受診者数約60名 /","","以下の公式サイトで求人番号を入力し、お問合せください。
 https://www.e-doctor.ne.jp/k
 求人番号：E204-084-037"
"健診医師求人","E458-834-016","2026年10月19日（月）","千葉県八千代市","東葉高速線八千代中央駅駅ﾀｸｼｰ10分","9:30～13:30","55,000円","別途 上限5,000円","問診 子宮がん検診","受診者数約60名 /","女性医師が望ましい","以下の公式サイトで求人番号を入力し、お問合せください。
 https://www.e-doctor.ne.jp/k
 求人番号：E458-834-016"
"健診医師求人","E500-041-300","2026年10月23日（金）","茨城県つくば市","つくばエクスプレス線つくば駅ﾀｸｼｰ10分","9:20～13:30","55,000円","別途 上限5,000円","問診 子宮がん検診","受診者数約60名 /","女性医師が望ましい /","以下の公式サイトで求人番号を入力し、お問合せください。
 https://www.e-doctor.ne.jp/k
 求人番号：E500-041-300"
"健診医師求人","E455-046-467","2026年11月4日（水）","茨城県日立市","JR線日立駅徒歩5分","9:30～13:30","55,000円","別途 上限12,000円","問診 子宮がん検診","受診者数約60名 /","女性医師が望ましい /","以下の公式サイトで求人番号を入力し、お問合せください。
 https://www.e-doctor.ne.jp/k
 求人番号：E455-046-467"
"健診医師求人","E031-784-434","2026年11月5日（木）","栃木県宇都宮市","JR線宇都宮駅ﾀｸｼｰ10分","9:00～13:30","55,000円","別途 上限15,000円","問診 子宮がん検診","受診者数約50名 /","女性医師が望ましい /","以下の公式サイトで求人番号を入力し、お問合せください。
 https://www.e-doctor.ne.jp/k
 求人番号：E031-784-434"
"健診医師求人","E024-350-725","2026年12月4日（金）","千葉県白井市","京成成田空港線白井駅徒歩10分","9:30～13:30","55,000円","別途 上限3,000円","問診 子宮がん検診","受診者数約60名 /","女性医師が望ましい","以下の公式サイトで求人番号を入力し、お問合せください。
 https://www.e-doctor.ne.jp/k
 求人番号：E024-350-725"
"健診医師求人","E305-117-221","2026年11月11日（水）","千葉県八千代市","東葉高速線八千代中央駅駅ﾀｸｼｰ10分","9:30～13:30","55,000円","別途 上限5,000円","問診 子宮がん検診","受診者数約60名 /","女性医師が望ましい","以下の公式サイトで求人番号を入力し、お問合せください。
 https://www.e-doctor.ne.jp/k
 求人番号：E305-117-221"
"健診医師求人","E084-516-568","2026年11月20日（金）","千葉県成田市","JR線成田駅ﾀｸｼｰ15分","9:30～13:30","55,000円","別途 上限10,000円","問診 子宮がん検診","受診者数約60名 /","女性医師が望ましい /","以下の公式サイトで求人番号を入力し、お問合せください。
 https://www.e-doctor.ne.jp/k
 求人番号：E084-516-568"
"健診医師求人","E060-850-608","2026年11月26日（木）","埼玉県上尾市","JR線上尾駅ﾀｸｼｰ15分","9:30～13:30","55,000円","別途 上限5,000円","問診 子宮がん検診","受診者数約60名 /","女性医師が望ましい /","以下の公式サイトで求人番号を入力し、お問合せください。
 https://www.e-doctor.ne.jp/k
 求人番号：E060-850-608"
"健診医師求人","E660-650-276","2026年9月18日（金）","東京都荒川区","JR京浜東北線日暮里駅徒歩1分","8:30～12:30","50,000円 ※時給12,500円","別途 上限有","問診 子宮がん検診","受診者数約20～30名 /","女性医師が望ましい","以下の公式サイトで求人番号を入力し、お問合せください。
 https://www.e-doctor.ne.jp/k
 求人番号：E660-650-276"
"健診医師求人","E200-830-580","2026年9月1日（火）","東京都多摩市","小田急多摩線多摩センター駅徒歩7分","9:30～16:00","55,000円","別途 上限10,000円","問診 聴診","受診者数約110名 /","","以下の公式サイトで求人番号を入力し、お問合せください。
 https://www.e-doctor.ne.jp/k
 求人番号：E200-830-580"
"健診医師求人","E882-667-758","2026年9月1日（火）","神奈川県横須賀市","京急線京急久里浜駅徒歩3分","9:00～15:00 （内休憩60分）","50,000円","別途 上限10,000円","問診 聴診","受診者数約159名 /","","以下の公式サイトで求人番号を入力し、お問合せください。
 https://www.e-doctor.ne.jp/k
 求人番号：E882-667-758"
"健診医師求人","E270-010-015","2026年9月17日（木）","神奈川県川崎市中原区","東急東横線武蔵小杉駅徒歩4分","9:30～15:30","50,000円","別途 上限10,000円","問診 聴診","受診者数約119 名 /","","以下の公式サイトで求人番号を入力し、お問合せください。
 https://www.e-doctor.ne.jp/k
 求人番号：E270-010-015"
"健診医師求人","E701-207-054","2026年9月9日（水）","神奈川県横須賀市","京浜急行本線横須賀中央駅徒歩6分","9:00～15:00","50,000円","別途 上限10,000円","問診 聴診","受診者数約108名 /","","以下の公式サイトで求人番号を入力し、お問合せください。
 https://www.e-doctor.ne.jp/k
 求人番号：E701-207-054"
"健診医師求人","E070-611-011","2026年9月8日（火）","神奈川県横須賀市","京浜急行本線横須賀中央駅徒歩6分","9:00～15:00","50,000円","別途 上限10,000円","問診 聴診","受診者数約114名 /","","以下の公式サイトで求人番号を入力し、お問合せください。
 https://www.e-doctor.ne.jp/k
 求人番号：E070-611-011"
"健診医師求人","E042-750-804","2026年8月25日（火）","群馬県邑楽郡大泉町","東武小泉線東小泉駅ﾀｸｼｰ10分","9:30～14:30 （内休憩45分）","55,000円","別途 上限10,000円","問診 聴診 特殊検査","受診者数約130名 /","","以下の公式サイトで求人番号を入力し、お問合せください。
 https://www.e-doctor.ne.jp/k
 求人番号：E042-750-804"
"健診医師求人","E031-115-301","2026年8月19日（水）","埼玉県本庄市","JR高崎線神保原駅ﾀｸｼｰ9分","8:00～11:00","28,000円","別途 上限5,000円","問診 聴診 血圧測定","受診者数約65名","","以下の公式サイトで求人番号を入力し、お問合せください。
 https://www.e-doctor.ne.jp/k
 求人番号：E031-115-301"
"健診医師求人","E540-301-622","2026年8月20日（木）","群馬県吾妻郡東吾妻町","JR吾妻線郷原駅","9:00～11:30","20,000円","別途 上限5,000円","問診 聴診 血圧測定","受診者数約60名","","以下の公式サイトで求人番号を入力し、お問合せください。
 https://www.e-doctor.ne.jp/k
 求人番号：E540-301-622"
"健診医師求人","E616-243-411","2026年8月27日（木）","群馬県邑楽郡大泉町","東武小泉線東小泉駅","7:30～9:30","15,000円","別途 上限5,000円","問診 聴診 血圧測定 特殊検査","受診者数約30名","","以下の公式サイトで求人番号を入力し、お問合せください。
 https://www.e-doctor.ne.jp/k
 求人番号：E616-243-411"
"健診医師求人","E834-120-242","2026年9月9日（水）","富山県富山市","ＪＲ線富山駅徒歩10分","9:15～12:00","35,000円","別途 上限5,000円","問診 聴診 特殊検査","受診者数約50名","","以下の公式サイトで求人番号を入力し、お問合せください。
 https://www.e-doctor.ne.jp/k
 求人番号：E834-120-242"
"健診医師求人","E608-833-040","2026年9月5日（土）","群馬県邑楽郡千代田町","東武小泉線篠塚駅","9:00～17:00","40,000円","別途 上限5,000円","問診 聴診 血圧測定","受診者数約30名+70名","","以下の公式サイトで求人番号を入力し、お問合せください。
 https://www.e-doctor.ne.jp/k
 求人番号：E608-833-040"
"健診医師求人","E303-266-505","2026年9月10日（木）","栃木県足利市","東武伊勢崎線福居駅","8:30～16:30","60,000円","別途 上限5,000円","問診 聴診 血圧測定","受診者数約70名+80名","","以下の公式サイトで求人番号を入力し、お問合せください。
 https://www.e-doctor.ne.jp/k
 求人番号：E303-266-505"
"健診医師求人","E000-446-202","2026年9月11日（金）","群馬県館林市","東武伊勢崎線茂林寺前駅","8:30～10:00","12,000円","別途 上限5,000円","問診 聴診 血圧測定","受診者数約25名","","以下の公式サイトで求人番号を入力し、お問合せください。
 https://www.e-doctor.ne.jp/k
 求人番号：E000-446-202"
"健診医師求人","E140-527-445","2026年9月17日（木）","群馬県前橋市","JR両毛線新前橋駅","9:00～12:00","25,000円","別途 上限5,000円","問診 聴診 血圧測定","受診者数約70名","","以下の公式サイトで求人番号を入力し、お問合せください。
 https://www.e-doctor.ne.jp/k
 求人番号：E140-527-445"
"健診医師求人","E817-760-257","2026年9月18日（金）","群馬県太田市","東武伊勢崎線細谷駅","8:30～10:00","12,000円","別途 上限5,000円","問診 聴診 血圧測定","受診者数約40名","","以下の公式サイトで求人番号を入力し、お問合せください。
 https://www.e-doctor.ne.jp/k
 求人番号：E817-760-257"
"健診医師求人","E386-058-554","2026年9月25日（金）","群馬県太田市","東武伊勢崎線細谷駅","9:30～12:00","20,000円","別途 上限5,000円","問診 聴診 血圧測定","受診者数約50名","","以下の公式サイトで求人番号を入力し、お問合せください。
 https://www.e-doctor.ne.jp/k
 求人番号：E386-058-554"
"健診医師求人","E273-260-700","2026年9月26日（土）","群馬県太田市","JR両毛線山前駅","9:00～10:30","12,000円","別途 上限5,000円","問診 聴診 血圧測定","受診者数約40名","","以下の公式サイトで求人番号を入力し、お問合せください。
 https://www.e-doctor.ne.jp/k
 求人番号：E273-260-700"
"健診医師求人","E148-004-267","2026年8月19日（水）","千葉県浦安市","JR京葉線新浦安駅徒歩4分","9:00～13:00","45,000円","込み","問診 聴診 子宮がん検診","受診者数約140/3日間名 /","女性医師が望ましい","以下の公式サイトで求人番号を入力し、お問合せください。
 https://www.e-doctor.ne.jp/k
 求人番号：E148-004-267"
"健診医師求人","E465-455-265","2026年9月8日（火）","埼玉県さいたま市緑区","埼玉高速鉄道線浦和美園駅ﾀｸｼｰ15分","9:00～13:30","45,000円","別途 上限8,000円","問診 聴診 特殊検査","受診者数約180名 /","","以下の公式サイトで求人番号を入力し、お問合せください。
 https://www.e-doctor.ne.jp/k
 求人番号：E465-455-265"
"健診医師求人","E146-008-160","2026年8月24日（月）","静岡県袋井市","JR東海道本線袋井駅","10:40～16:10","40,000円","別途 上限10,000円","問診 聴診","受診者数約35名 /","","以下の公式サイトで求人番号を入力し、お問合せください。
 https://www.e-doctor.ne.jp/k
 求人番号：E146-008-160"
"健診医師求人","E730-424-562","2026年8月21日（金）","神奈川県南足柄市","伊豆箱根鉄道大雄山線和田河原駅徒歩11分","9:15～12:00","40,000円","込み","問診 聴診 触診","受診者数約50名 /","","以下の公式サイトで求人番号を入力し、お問合せください。
 https://www.e-doctor.ne.jp/k
 求人番号：E730-424-562"
"健診医師求人","E640-224-158","2026年9月24日（木）","神奈川県川崎市川崎区","京浜急行大師線小島新田駅徒歩5分","8:30～12:30","50,000円","別途 上限7,000円","問診 子宮がん検診","受診者数約25名 /","","以下の公式サイトで求人番号を入力し、お問合せください。
 https://www.e-doctor.ne.jp/k
 求人番号：E640-224-158"
"健診医師求人","E003-436-721","2026年8月24日（月）","神奈川県川崎市川崎区","JR鶴見線昭和駅ﾀｸｼｰ20分","9:00～14:30","40,000円","込み","問診 聴診 触診","受診者数約500/4日間名 /","","以下の公式サイトで求人番号を入力し、お問合せください。
 https://www.e-doctor.ne.jp/k
 求人番号：E003-436-721"
"健診医師求人","E220-150-664","2026年9月2日（水）","千葉県野田市","東武野田線川間駅ﾀｸｼｰ20分","9:00～12:00","35,000円","別途 上限10,000円","問診 聴診","受診者数約110名 /","","以下の公式サイトで求人番号を入力し、お問合せください。
 https://www.e-doctor.ne.jp/k
 求人番号：E220-150-664"
"健診医師求人","E880-008-601","2026年10月21日（水）","東京都江東区","JR線亀戸(東口)駅徒歩5分","8:30～13:00","40,000円","込み","問診 聴診","受診者数約20名～40名","","以下の公式サイトで求人番号を入力し、お問合せください。
 https://www.e-doctor.ne.jp/k
 求人番号：E880-008-601"
"健診医師求人","E464-401-731","2026年10月28日（水）","東京都江東区","JR線亀戸(東口)駅徒歩5分","8:30～13:00","40,000円","込み","問診 聴診","受診者数約20名～40名","","以下の公式サイトで求人番号を入力し、お問合せください。
 https://www.e-doctor.ne.jp/k
 求人番号：E464-401-731"
"健診医師求人","E670-206-110","2026年12月2日（水）","東京都江東区","JR線亀戸(東口)駅徒歩5分","8:30～13:00","40,000円","込み","問診 聴診","受診者数約20名～40名","","以下の公式サイトで求人番号を入力し、お問合せください。
 https://www.e-doctor.ne.jp/k
 求人番号：E670-206-110"
"健診医師求人","E531-583-633","2026年12月9日（水）","東京都江東区","JR線亀戸(東口)駅徒歩5分","8:30～13:00","40,000円","込み","問診 聴診","受診者数約20名～40名","","以下の公式サイトで求人番号を入力し、お問合せください。
 https://www.e-doctor.ne.jp/k
 求人番号：E531-583-633"
"健診医師求人","E725-073-568","2026年12月16日（水）","東京都江東区","JR線亀戸(東口)駅徒歩5分","8:30～13:00","40,000円","込み","問診 聴診","受診者数約20名～40名","","以下の公式サイトで求人番号を入力し、お問合せください。
 https://www.e-doctor.ne.jp/k
 求人番号：E725-073-568"
"健診医師求人","E700-126-380","2026年12月23日（水）","東京都江東区","JR線亀戸(東口)駅徒歩5分","8:30～13:00","40,000円","込み","問診 聴診","受診者数約20名～40名","","以下の公式サイトで求人番号を入力し、お問合せください。
 https://www.e-doctor.ne.jp/k
 求人番号：E700-126-380"
"健診医師求人","E488-738-503","2026年8月26日（水）","東京都北区","埼京線浮間舟渡駅徒歩10分","9:30～12:00","25,000円","別途 上限3,500円","問診 聴診 血圧測定","受診者数約25名 /","女性医師が望ましい /","以下の公式サイトで求人番号を入力し、お問合せください。
 https://www.e-doctor.ne.jp/k
 求人番号：E488-738-503"
"健診医師求人","E067-523-186","2026年8月28日（金）","千葉県鎌ケ谷市","東武野田線鎌ヶ谷駅徒歩9分","9:10～12:00","30,000円","別途 上限3,500円","問診 聴診 血圧測定","受診者数約35名 /","女性医師が望ましい /","以下の公式サイトで求人番号を入力し、お問合せください。
 https://www.e-doctor.ne.jp/k
 求人番号：E067-523-186"
"健診医師求人","E860-008-560","2026年9月8日（火）","埼玉県秩父市","西武線秩父駅ﾀｸｼｰ18分","9:00～12:30","50,000円","別途 上限10,000円","問診 聴診 特殊検査","受診者数約80名 /","","以下の公式サイトで求人番号を入力し、お問合せください。
 https://www.e-doctor.ne.jp/k
 求人番号：E860-008-560"
"健診医師求人","E845-743-634","2026年9月28日（月）","埼玉県秩父郡皆野町","秩父鉄道線皆野駅ﾀｸｼｰ15分","9:00～13:00","50,000円","別途 上限10,000円","問診 聴診 特殊検査","受診者数約160 名 /","","以下の公式サイトで求人番号を入力し、お問合せください。
 https://www.e-doctor.ne.jp/k
 求人番号：E845-743-634"
"健診医師求人","E446-070-518","2026年9月26日（土）","埼玉県八潮市","東武伊勢崎線谷塚駅ﾀｸｼｰ15分","8:00～11:30","35,000円","別途 上限8,000円","問診 聴診 特殊検査","受診者数約70 名 /","","以下の公式サイトで求人番号を入力し、お問合せください。
 https://www.e-doctor.ne.jp/k
 求人番号：E446-070-518"
"健診医師求人","E486-320-212","2026年8月28日（金）","東京都江東区","東西線南砂町駅ﾀｸｼｰ10分","9:00～13:00","30,000円","込み","問診 聴診 触診","受診者数約職員10+入居者10名 /","","以下の公式サイトで求人番号を入力し、お問合せください。
 https://www.e-doctor.ne.jp/k
 求人番号：E486-320-212"
"健診医師求人","E507-361-410","2026年9月28日（月）","東京都杉並区","西武新宿線上井草駅徒歩15分","9:00～13:00","45,000円","別途 (実費支給)","問診 聴診","","","以下の公式サイトで求人番号を入力し、お問合せください。
 https://www.e-doctor.ne.jp/k
 求人番号：E507-361-410"
"健診医師求人","E200-670-027","2026年10月24日（土）","千葉県柏市","常磐線柏駅巡回ﾊﾞｽ10分","8:30～13:00","40,000円","別途 上限5,000円","問診 子宮がん検診","受診者数約25名","","以下の公式サイトで求人番号を入力し、お問合せください。
 https://www.e-doctor.ne.jp/k
 求人番号：E200-670-027"
"健診医師求人","E357-233-147","2026年8月27日（木）","栃木県小山市","JR東北本線小山駅ﾀｸｼｰ15分","8:00～13:00","60,000円","別途 上限10,000円","問診 触診 乳がん検診 子宮がん検診","受診者数約60名 /","女性医師が望ましい /","以下の公式サイトで求人番号を入力し、お問合せください。
 https://www.e-doctor.ne.jp/k
 求人番号：E357-233-147"
"健診医師求人","E384-741-453","2026年9月10日（木）","埼玉県上尾市","JR高崎線上尾駅ﾀｸｼｰ10分","8:00～12:00","50,000円","別途 上限10,000円","問診 聴診 特殊検査","受診者数約120名 /","女性医師が望ましい /","以下の公式サイトで求人番号を入力し、お問合せください。
 https://www.e-doctor.ne.jp/k
 求人番号：E384-741-453"
"健診医師求人","E184-713-211","2026年9月8日（火）","茨城県神栖市","JR成田線下総橘駅ﾀｸｼｰ20分","8:30～12:30","40,000円","別途 上限10,000円","問診 聴診 特殊検査","受診者数約140名 /","","以下の公式サイトで求人番号を入力し、お問合せください。
 https://www.e-doctor.ne.jp/k
 求人番号：E184-713-211"
"健診医師求人","E303-508-500","2026年9月8日（火）","群馬県館林市","東武伊勢崎線 館林駅ﾀｸｼｰ15分","8:45～11:50","30,000円","別途 上限10,000円","問診 聴診 特殊検査","受診者数約100名 /","","以下の公式サイトで求人番号を入力し、お問合せください。
 https://www.e-doctor.ne.jp/k
 求人番号：E303-508-500"
"健診医師求人","E470-477-735","2026年9月11日（金）","群馬県邑楽郡千代田町","東武伊勢崎線川俣駅ﾀｸｼｰ15分","8:00～11:00","30,000円","別途 上限10,000円","問診 聴診 ＶＤＴ検査 特殊検査","受診者数約120名 /","","以下の公式サイトで求人番号を入力し、お問合せください。
 https://www.e-doctor.ne.jp/k
 求人番号：E470-477-735"
"健診医師求人","E384-614-862","2026年10月3日（土）","千葉県柏市","常磐線柏駅巡回ﾊﾞｽ10分","8:30～13:00","45,000円","別途 上限5,000円","問診 聴診 触診 人間ドック 特殊検査 予防接種","","","以下の公式サイトで求人番号を入力し、お問合せください。
 https://www.e-doctor.ne.jp/k
 求人番号：E384-614-862"
"健診医師求人","E250-065-717","2026年10月17日（土）","千葉県柏市","常磐線柏駅巡回ﾊﾞｽ10分","8:30～13:00","40,000円","別途 上限5,000円","問診 聴診 触診 人間ドック 特殊検査 予防接種","","","以下の公式サイトで求人番号を入力し、お問合せください。
 https://www.e-doctor.ne.jp/k
 求人番号：E250-065-717"
"健診医師求人","E244-480-065","2026年10月31日（土）","千葉県柏市","常磐線柏駅巡回ﾊﾞｽ10分","8:30～13:00","40,000円","別途 上限5,000円","問診 聴診 触診 人間ドック 特殊検査 予防接種","","","以下の公式サイトで求人番号を入力し、お問合せください。
 https://www.e-doctor.ne.jp/k
 求人番号：E244-480-065"
"健診医師求人","E060-005-042","2026年9月3日（木）","栃木県小山市","JR東北本線小山駅ﾀｸｼｰ15分","8:00～13:00","60,000円","別途 上限10,000円","問診 触診 乳がん検診 子宮がん検診","受診者数約60名 /","女性医師が望ましい /","以下の公式サイトで求人番号を入力し、お問合せください。
 https://www.e-doctor.ne.jp/k
 求人番号：E060-005-042"
"健診医師求人","E203-028-732","2026年9月10日（木）","栃木県小山市","JR東北本線小山駅ﾀｸｼｰ15分","8:00～13:00","60,000円","別途 上限10,000円","問診 触診 乳がん検診 子宮がん検診","受診者数約60名 /","女性医師が望ましい /","以下の公式サイトで求人番号を入力し、お問合せください。
 https://www.e-doctor.ne.jp/k
 求人番号：E203-028-732"
"健診医師求人","E327-666-176","2026年9月11日（金）","栃木県小山市","JR東北本線小山駅ﾀｸｼｰ15分","8:00～13:00","60,000円","別途 上限10,000円","問診 触診 乳がん検診 子宮がん検診","受診者数約60名 /","女性医師が望ましい /","以下の公式サイトで求人番号を入力し、お問合せください。
 https://www.e-doctor.ne.jp/k
 求人番号：E327-666-176"
"健診医師求人","E737-020-226","2026年9月17日（木）","栃木県小山市","JR東北本線小山駅ﾀｸｼｰ15分","8:00～13:00","60,000円","別途 上限10,000円","問診 触診 乳がん検診 子宮がん検診","受診者数約60名 /","女性医師が望ましい /","以下の公式サイトで求人番号を入力し、お問合せください。
 https://www.e-doctor.ne.jp/k
 求人番号：E737-020-226"
"健診医師求人","E061-033-231","2026年9月18日（金）","栃木県小山市","JR東北本線小山駅ﾀｸｼｰ15分","8:00～13:00","60,000円","別途 上限10,000円","問診 触診 乳がん検診 子宮がん検診","受診者数約60名 /","女性医師が望ましい /","以下の公式サイトで求人番号を入力し、お問合せください。
 https://www.e-doctor.ne.jp/k
 求人番号：E061-033-231"
"健診医師求人","E243-022-210","2026年9月24日（木）","栃木県小山市","JR東北本線小山駅ﾀｸｼｰ15分","8:00～13:00","60,000円","別途 上限10,000円","問診 触診 乳がん検診 子宮がん検診","受診者数約60名 /","女性医師が望ましい /","以下の公式サイトで求人番号を入力し、お問合せください。
 https://www.e-doctor.ne.jp/k
 求人番号：E243-022-210"
"健診医師求人","E000-410-113","2026年9月26日（土）","栃木県小山市","JR東北本線小山駅ﾀｸｼｰ15分","8:00～13:00","60,000円","別途 上限10,000円","問診 触診 乳がん検診 子宮がん検診","受診者数約60名 /","女性医師が望ましい /","以下の公式サイトで求人番号を入力し、お問合せください。
 https://www.e-doctor.ne.jp/k
 求人番号：E000-410-113"
"健診医師求人","E542-716-642","2026年9月29日（火）","長野県松本市","JR篠ノ井線南松本駅タクシー7分","8:40～16:00","70,000円 税込","別途 実費支給","問診 聴診","受診者数約未定名 /","","以下の公式サイトで求人番号を入力し、お問合せください。
 https://www.e-doctor.ne.jp/k
 求人番号：E542-716-642"
"健診医師求人","E235-610-351","2026年9月29日（火）","長野県松本市","JR篠ノ井線南松本駅タクシー7分","8:40～16:00","70,000円 税込","別途 実費支給","問診 聴診","受診者数約未定名 /","","以下の公式サイトで求人番号を入力し、お問合せください。
 https://www.e-doctor.ne.jp/k
 求人番号：E235-610-351"
"健診医師求人","E816-558-137","2026年9月30日（水）","長野県長野市","JR信越本線今井駅タクシー19分","8:40～16:00","70,000円 税込","別途 実費支給","問診 聴診","受診者数約未定名 /","女性医師が望ましい /","以下の公式サイトで求人番号を入力し、お問合せください。
 https://www.e-doctor.ne.jp/k
 求人番号：E816-558-137"
"健診医師求人","E046-376-505","2026年10月5日（月）","神奈川県秦野市","小田急線秦野駅ﾀｸｼｰ13分","8:30～12:00","32,000円","別途 一律5,000円","問診 聴診 触診 特殊検査","受診者数約70名 /","","以下の公式サイトで求人番号を入力し、お問合せください。
 https://www.e-doctor.ne.jp/k
 求人番号：E046-376-505"
"健診医師求人","E180-760-866","2026年9月1日（火）","埼玉県越谷市","東武伊勢崎線北越谷駅ﾀｸｼｰ7分","8:30～17:30","80,000円","別途 上限3,000円","問診 聴診 触診 人間ドック 予防接種","受診者数約38名 /","","以下の公式サイトで求人番号を入力し、お問合せください。
 https://www.e-doctor.ne.jp/k
 求人番号：E180-760-866"
"健診医師求人","E861-662-413","2026年10月8日（木）","千葉県柏市","常磐線柏駅巡回ﾊﾞｽ10分","8:30～17:30","80,000円","別途 上限5,000円","問診 聴診 触診 人間ドック 予防接種","","","以下の公式サイトで求人番号を入力し、お問合せください。
 https://www.e-doctor.ne.jp/k
 求人番号：E861-662-413"
"健診医師求人","E606-713-356","2026年10月8日（木）","東京都渋谷区","JR線新宿駅徒歩10分","12:45～16:00","40,000円","別途 上限5,000円","問診 聴診","受診者数約70名 /","女性医師が望ましい /","以下の公式サイトで求人番号を入力し、お問合せください。
 https://www.e-doctor.ne.jp/k
 求人番号：E606-713-356"
"健診医師求人","E528-470-601","2026年9月25日（金）","千葉県旭市","JR総武本線飯岡駅徒歩6分","9:00～13:00","45,000円","別途 上限5,000円","問診 聴診 血圧測定","受診者数約11名+4名","","以下の公式サイトで求人番号を入力し、お問合せください。
 https://www.e-doctor.ne.jp/k
 求人番号：E528-470-601"
"健診医師求人","E007-806-058","2026年9月28日（月）","千葉県茂原市","JR外房線茂原駅徒歩9分","8:30～13:15","45,000円","別途 上限5,000円","問診 聴診 血圧測定","受診者数約50名 /","","以下の公式サイトで求人番号を入力し、お問合せください。
 https://www.e-doctor.ne.jp/k
 求人番号：E007-806-058"
"健診医師求人","E186-746-350","2026年9月15日（火）","東京都練馬区","都営大江戸線光が丘駅ﾀｸｼｰ7分","7:00～9:30","25,000円","別途 上限5,000円","問診 聴診 血圧測定","受診者数約35名","","以下の公式サイトで求人番号を入力し、お問合せください。
 https://www.e-doctor.ne.jp/k
 求人番号：E186-746-350"
"健診医師求人","E404-486-160","2026年9月15日（火）","埼玉県深谷市","秩父鉄道線武川駅ﾀｸｼｰ20分","7:00～10:20","35,000円","別途 上限10,000円","問診 聴診 特殊検査","受診者数約100 /","","以下の公式サイトで求人番号を入力し、お問合せください。
 https://www.e-doctor.ne.jp/k
 求人番号：E404-486-160"
"健診医師求人","E058-130-635","2026年9月8日（火）","埼玉県羽生市","東武伊勢崎線羽生駅駅ﾀｸｼｰ10分","7:00～10:30","35,000円","別途 上限10,000円","問診 聴診","受診者数約70名 /","","以下の公式サイトで求人番号を入力し、お問合せください。
 https://www.e-doctor.ne.jp/k
 求人番号：E058-130-635"
"健診医師求人","E130-655-124","2026年9月17日（木）","茨城県結城市","JR水戸線結城駅ﾀｸｼｰ10分","08:30～15:00","65,000円","別途 上限10,000円","問診 聴診 特殊検査","受診者数約80＋60名 /","","以下の公式サイトで求人番号を入力し、お問合せください。
 https://www.e-doctor.ne.jp/k
 求人番号：E130-655-124"
"健診医師求人","E028-381-038","2026年9月11日（金）","栃木県宇都宮市","JR線 宇都宮駅ﾀｸｼｰ40分","8:00～11:20","35,000円","別途 上限10,000円","問診 聴診 特殊検査","受診者数約120名 /","","以下の公式サイトで求人番号を入力し、お問合せください。
 https://www.e-doctor.ne.jp/k
 求人番号：E028-381-038"
"健診医師求人","E552-174-638","2026年9月8日（火）","千葉県長生郡白子町","JR外房線茂原駅ﾀｸｼｰ25分","8:30～13:15","45,000円","別途 上限5,000円","問診 聴診 血圧測定","受診者数約25名","","以下の公式サイトで求人番号を入力し、お問合せください。
 https://www.e-doctor.ne.jp/k
 求人番号：E552-174-638"
"健診医師求人","E060-334-425","2026年9月25日（金）","群馬県伊勢崎市","東武伊勢崎線新伊勢崎駅ﾀｸｼｰ15分","8:00～13:00","50,000円","別途 上限10,000円","問診 聴診 人間ドック 特殊検査 予防接種","受診者数約230名 /","","以下の公式サイトで求人番号を入力し、お問合せください。
 https://www.e-doctor.ne.jp/k
 求人番号：E060-334-425"
"健診医師求人","E070-246-564","2026年9月24日（木）","群馬県伊勢崎市","東武伊勢崎線新伊勢崎駅ﾀｸｼｰ15分","8:00～16:30","75,000円","別途 上限10,000円","問診 聴診 人間ドック 特殊検査 予防接種","受診者数約350名 /","","以下の公式サイトで求人番号を入力し、お問合せください。
 https://www.e-doctor.ne.jp/k
 求人番号：E070-246-564"
"健診医師求人","E726-678-071","2026年9月17日（木）","群馬県伊勢崎市","東武伊勢崎線新伊勢崎駅ﾀｸｼｰ15分","8:00～16:30","75,000円","別途 上限10,000円","問診 聴診 人間ドック 特殊検査 予防接種","受診者数約350名 /","","以下の公式サイトで求人番号を入力し、お問合せください。
 https://www.e-doctor.ne.jp/k
 求人番号：E726-678-071"
"健診医師求人","E350-044-813","2026年9月30日（水）","長野県長野市","JR信越本線今井駅タクシー19分","8:40～16:00","70,000円 税込","別途 実費支給","問診 聴診","受診者数約未定名 /","女性医師が望ましい /","以下の公式サイトで求人番号を入力し、お問合せください。
 https://www.e-doctor.ne.jp/k
 求人番号：E350-044-813"
"健診医師求人","E301-408-601","2026年9月16日（水）","静岡県富士市","JR線富士駅徒歩3分","10:00～13:15","35,000円","別途 上限5,000円","問診 聴診","受診者数約40名 /","","以下の公式サイトで求人番号を入力し、お問合せください。
 https://www.e-doctor.ne.jp/k
 求人番号：E301-408-601"
"健診医師求人","E600-074-682","2026年8月19日（水）","千葉県浦安市","JR京葉線新浦安駅徒歩1分","9:00～13:00","60,000円","込み","問診 聴診 子宮がん検診","受診者数約140/3日間名 /","女性医師が望ましい","以下の公式サイトで求人番号を入力し、お問合せください。
 https://www.e-doctor.ne.jp/k
 求人番号：E600-074-682"
"健診医師求人","E507-040-540","2026年10月7日（水）","東京都練馬区","西武池袋線練馬高野台駅徒歩12分","10:00～11:30","33,000円 ※源泉徴収後の金額をお支払いします","込み","問診 乳がん検診 子宮がん検診","受診者数約30名","","以下の公式サイトで求人番号を入力し、お問合せください。
 https://www.e-doctor.ne.jp/k
 求人番号：E507-040-540"
"健診医師求人","E266-170-567","2026年9月4日（金）","千葉県千葉市中央区","京成千原線学園前駅ﾀｸｼｰ8分","10:00～12:00","30,000円","別途 一律3,000円","問診 聴診 血圧測定","受診者数約50名 /","","以下の公式サイトで求人番号を入力し、お問合せください。
 https://www.e-doctor.ne.jp/k
 求人番号：E266-170-567"
"健診医師求人","E005-513-861","2026年9月6日（日）","千葉県香取市","JR成田線佐原駅ﾀｸｼｰ20分","9:30～13:30","50,000円","別途 一律3,000円","問診 聴診 血圧測定","受診者数約250名 /","","以下の公式サイトで求人番号を入力し、お問合せください。
 https://www.e-doctor.ne.jp/k
 求人番号：E005-513-861"
"健診医師求人","E066-831-730","2026年9月7日（月）","千葉県千葉市稲毛区","JR線四街道駅ﾀｸｼｰ14分","9:30～15:30","50,000円","別途 一律3,000円","問診 聴診 血圧測定","受診者数約110名 /","","以下の公式サイトで求人番号を入力し、お問合せください。
 https://www.e-doctor.ne.jp/k
 求人番号：E066-831-730"
"健診医師求人","E404-101-644","2026年9月8日（火）","千葉県千葉市花見川区","JR総武線稲毛駅ﾀｸｼｰ15分","9:00～13:30","50,000円","別途 一律3,000円","問診 聴診 血圧測定","受診者数約75名 /","","以下の公式サイトで求人番号を入力し、お問合せください。
 https://www.e-doctor.ne.jp/k
 求人番号：E404-101-644"
"健診医師求人","E785-407-852","2026年9月8日（火）","千葉県茂原市","JR外房線新茂原駅徒歩8分","9:00～15:00","45,000円","別途 一律3,000円","問診 聴診 血圧測定","受診者数約140名 /","","以下の公式サイトで求人番号を入力し、お問合せください。
 https://www.e-doctor.ne.jp/k
 求人番号：E785-407-852"
"健診医師求人","E272-681-820","2026年9月11日（金）","千葉県千葉市花見川区","千葉都市モノレール2号線スポーツセンター駅ﾀｸｼｰ12分","9:00～16:30","60,000円","別途 一律3,000円","問診 聴診 血圧測定","受診者数約185名 /","","以下の公式サイトで求人番号を入力し、お問合せください。
 https://www.e-doctor.ne.jp/k
 求人番号：E272-681-820"
"健診医師求人","E843-674-410","2026年9月11日（金）","千葉県千葉市花見川区","千葉都市モノレール2号線スポーツセンター駅ﾀｸｼｰ12分","9:00～16:30","60,000円","別途 一律3,000円","問診 聴診 血圧測定","受診者数約185名 /","","以下の公式サイトで求人番号を入力し、お問合せください。
 https://www.e-doctor.ne.jp/k
 求人番号：E843-674-410"
"健診医師求人","E225-321-080","2026年9月8日（火）","静岡県静岡市清水区","東海道新幹線新富士駅ﾀｸｼｰ25分","8:00～13:30","55,000円","別途 上限20,000円","問診 聴診","受診者数約55名 /","","以下の公式サイトで求人番号を入力し、お問合せください。
 https://www.e-doctor.ne.jp/k
 求人番号：E225-321-080"
"健診医師求人","E365-005-548","2026年9月16日（水）","千葉県市","JR内房線八幡宿駅ﾀｸｼｰ8分","7:00～9:30","40,000円","別途 一律3,000円","問診 聴診 血圧測定 特殊検査","受診者数約70名 /","","以下の公式サイトで求人番号を入力し、お問合せください。
 https://www.e-doctor.ne.jp/k
 求人番号：E365-005-548"
"健診医師求人","E836-745-823","2026年9月30日（水）","千葉県木更津市","JR久留里線木更津駅ﾀｸｼｰ8分","9:00～16:30","50,000円","別途 一律3,000円","問診 聴診 血圧測定","受診者数約120 /","","以下の公式サイトで求人番号を入力し、お問合せください。
 https://www.e-doctor.ne.jp/k
 求人番号：E836-745-823"
"健診医師求人","E480-784-400","2026年9月17日（木）","千葉県市","京成千原線ちはら台駅ﾀｸｼｰ9分","9:00～16:00","60,000円","別途 一律3,000円","問診 聴診 血圧測定","受診者数約185名 /","","以下の公式サイトで求人番号を入力し、お問合せください。
 https://www.e-doctor.ne.jp/k
 求人番号：E480-784-400"
"健診医師求人","E161-325-684","2026年9月18日（金）","千葉県千葉市中央区","京成千原線千葉寺駅徒歩8分","9:30～13:00","45,000円","別途 一律3,000円","問診 聴診 血圧測定","受診者数約95名 /","","以下の公式サイトで求人番号を入力し、お問合せください。
 https://www.e-doctor.ne.jp/k
 求人番号：E161-325-684"
"健診医師求人","E048-721-302","2026年9月18日（金）","千葉県市","JR内房線五井駅ﾀｸｼｰ6分","9:00～11:30","35,000円","別途 一律3,000円","問診 聴診 血圧測定","受診者数約70名 /","","以下の公式サイトで求人番号を入力し、お問合せください。
 https://www.e-doctor.ne.jp/k
 求人番号：E048-721-302"
"健診医師求人","E007-036-067","2026年9月24日（木）","千葉県千葉市緑区","JR外房線土気駅ﾀｸｼｰ10分","14:00～16:30","35,000円","別途 一律3,000円","問診 聴診 血圧測定","受診者数約85名 /","","以下の公式サイトで求人番号を入力し、お問合せください。
 https://www.e-doctor.ne.jp/k
 求人番号：E007-036-067"
"健診医師求人","E811-207-816","2026年9月25日（金）","千葉県千葉市緑区","JR外房線土気駅ﾀｸｼｰ8分","6:00～11:30","60,000円","別途 一律3,000円","問診 聴診 血圧測定","受診者数約135名 /","","以下の公式サイトで求人番号を入力し、お問合せください。
 https://www.e-doctor.ne.jp/k
 求人番号：E811-207-816"
"健診医師求人","E401-173-833","2026年9月28日（月）","千葉県茂原市","JR外房線新茂原駅徒歩8分","9:00～11:30","40,000円","別途 一律3,000円","問診 聴診 血圧測定","受診者数約100名 /","","以下の公式サイトで求人番号を入力し、お問合せください。
 https://www.e-doctor.ne.jp/k
 求人番号：E401-173-833"
"健診医師求人","E022-403-557","2026年9月28日（月）","千葉県八街市","JR総武本線八街駅ﾀｸｼｰ11分","9:00～12:30","45,000円","別途 一律3,000円","問診 聴診 血圧測定","受診者数約95名 /","","以下の公式サイトで求人番号を入力し、お問合せください。
 https://www.e-doctor.ne.jp/k
 求人番号：E022-403-557"
"健診医師求人","E561-652-304","2026年9月29日（火）","千葉県市","京成千原線ちはら台駅ﾀｸｼｰ5分","9:00～16:30","50,000円","別途 一律3,000円","問診 聴診 血圧測定","受診者数約130名 /","","以下の公式サイトで求人番号を入力し、お問合せください。
 https://www.e-doctor.ne.jp/k
 求人番号：E561-652-304"
"健診医師求人","E020-332-347","2026年9月14日（月）","静岡県富士市","東海道新幹線新富士駅ﾀｸｼｰ15分","8:00～12:00","45,000円","別途 上限20,000円","問診 聴診","受診者数約30名 /","","以下の公式サイトで求人番号を入力し、お問合せください。
 https://www.e-doctor.ne.jp/k
 求人番号：E020-332-347"
"健診医師求人","E564-021-015","2026年9月14日（月）","静岡県浜松市中央区","JR東海道本線天竜川駅","9:15～15:15","50,000円","別途 上限10,000円","問診 聴診","受診者数約50名 /","","以下の公式サイトで求人番号を入力し、お問合せください。
 https://www.e-doctor.ne.jp/k
 求人番号：E564-021-015"
"健診医師求人","E640-670-223","2026年10月16日（金）","静岡県駿東郡小山町","JR御殿場線足柄駅","8:10～10:40","25,000円","別途 上限10,000円","問診 聴診 特殊検査","受診者数約60名 /","","以下の公式サイトで求人番号を入力し、お問合せください。
 https://www.e-doctor.ne.jp/k
 求人番号：E640-670-223"
"健診医師求人","E130-433-825","2026年9月18日（金）","静岡県静岡市清水区","静岡鉄道静岡清水線狐ヶ崎駅","9:30～13:30","35,000円","別途 上限10,000円","問診 聴診","受診者数約30名 /","","以下の公式サイトで求人番号を入力し、お問合せください。
 https://www.e-doctor.ne.jp/k
 求人番号：E130-433-825"
"健診医師求人","E236-357-151","2026年10月26日（月）","静岡県御殿場市","JR御殿場線御殿場駅","9:15～16:15","50,000円","別途 上限10,000円","問診 聴診 予防接種","受診者数約20+100名 /","","以下の公式サイトで求人番号を入力し、お問合せください。
 https://www.e-doctor.ne.jp/k
 求人番号：E236-357-151"
"健診医師求人","E400-033-242","2026年9月25日（金）","静岡県浜松市中央区","JR東海道本線高塚駅","9:00～13:00","35,000円","別途 上限10,000円","問診 聴診","受診者数約35名 /","","以下の公式サイトで求人番号を入力し、お問合せください。
 https://www.e-doctor.ne.jp/k
 求人番号：E400-033-242"
"健診医師求人","E480-120-075","2026年9月28日（月）","静岡県袋井市","天竜浜名湖鉄道線遠江一宮駅","9:30～14:00","40,000円","別途 上限10,000円","問診 聴診","受診者数約40名 /","","以下の公式サイトで求人番号を入力し、お問合せください。
 https://www.e-doctor.ne.jp/k
 求人番号：E480-120-075"
"健診医師求人","E023-271-584","2026年9月29日（火）","静岡県浜松市東区","遠州鉄道線上島駅","8:30～12:30","40,000円","別途 上限10,000円","問診 聴診","受診者数約85名 /","","以下の公式サイトで求人番号を入力し、お問合せください。
 https://www.e-doctor.ne.jp/k
 求人番号：E023-271-584"
"健診医師求人","E458-442-072","2026年10月27日（火）","静岡県藤枝市","JR東海道本線西焼津駅","9:15～12:45","35,000円","別途 上限10,000円","問診 聴診","受診者数約55名 /","","以下の公式サイトで求人番号を入力し、お問合せください。
 https://www.e-doctor.ne.jp/k
 求人番号：E458-442-072"
"健診医師求人","E008-400-041","2026年11月2日（月）","静岡県島田市","大井川鉄道本線家山駅","9:45～12:45","30,000円","別途 上限10,000円","問診 聴診","受診者数約20名 /","","以下の公式サイトで求人番号を入力し、お問合せください。
 https://www.e-doctor.ne.jp/k
 求人番号：E008-400-041"
"健診医師求人","E122-788-510","2026年9月25日（金）","埼玉県北足立郡伊奈町","ﾆｭｰｼｬﾄﾙ線志久駅徒歩8分","9:00～12:00","40,000円","別途 上限10,000円","問診 子宮がん検診","受診者数約15～20名 /","","以下の公式サイトで求人番号を入力し、お問合せください。
 https://www.e-doctor.ne.jp/k
 求人番号：E122-788-510"
"健診医師求人","E337-080-043","2026年10月12日（月）","埼玉県さいたま市大宮区","東武野田線北大宮駅徒歩7分","16:00～20:00","40,000円","別途 上限8,000円","問診 聴診","受診者数約100 名 /","","以下の公式サイトで求人番号を入力し、お問合せください。
 https://www.e-doctor.ne.jp/k
 求人番号：E337-080-043"
"健診医師求人","E273-087-557","2026年10月14日（水）","埼玉県羽生市","東武伊勢崎線羽生駅ﾀｸｼｰ15分","9:30～11:00","35,000円","別途 上限8,000円","問診 聴診","受診者数約30 名 /","","以下の公式サイトで求人番号を入力し、お問合せください。
 https://www.e-doctor.ne.jp/k
 求人番号：E273-087-557"
"健診医師求人","E157-748-804","2026年10月17日（土）","埼玉県秩父市","秩父本線大野原駅徒歩11分","14:00～16:30","40,000円","別途 上限10,000円","問診 聴診 特殊検査","受診者数約70 名 /","","以下の公式サイトで求人番号を入力し、お問合せください。
 https://www.e-doctor.ne.jp/k
 求人番号：E157-748-804"
"健診医師求人","E777-516-876","2026年10月19日（月）","埼玉県川口市","JR京浜東北線川口駅ﾀｸｼｰ15分","9:00～12:00","40,000円","別途 上限8,000円","問診 聴診 特殊検査","受診者数約50 名 /","","以下の公式サイトで求人番号を入力し、お問合せください。
 https://www.e-doctor.ne.jp/k
 求人番号：E777-516-876"
"健診医師求人","E381-210-767","2026年10月20日（火）","千葉県長生郡長生村","JR外房線上総一ノ宮駅ﾀｸｼｰ20分","12:30～16:30","50,000円","別途 上限10,000円","問診 聴診","受診者数約90 名 /","","以下の公式サイトで求人番号を入力し、お問合せください。
 https://www.e-doctor.ne.jp/k
 求人番号：E381-210-767"
"健診医師求人","E344-100-828","2026年10月21日（水）","埼玉県川越市","JR川越線川越駅徒歩7分","18:30～21:00","40,000円","別途 上限8,000円","問診 聴診 特殊検査","受診者数約90 名 /","","以下の公式サイトで求人番号を入力し、お問合せください。
 https://www.e-doctor.ne.jp/k
 求人番号：E344-100-828"
"健診医師求人","E405-672-111","2026年10月22日（木）","埼玉県東松山市","東武東上本線東松山駅ﾀｸｼｰ15分","10:00～17:00","60,000円","別途 上限8,000円","問診 予防接種","受診者数約130 名 /","","以下の公式サイトで求人番号を入力し、お問合せください。
 https://www.e-doctor.ne.jp/k
 求人番号：E405-672-111"
"健診医師求人","E114-562-614","2026年9月9日（水）","神奈川県横浜市緑区","JR線中山駅ﾀｸｼｰ7分","9:00～12:00","30,000円","込み","問診 聴診 触診","受診者数約入居者13名+職員21名 /","","以下の公式サイトで求人番号を入力し、お問合せください。
 https://www.e-doctor.ne.jp/k
 求人番号：E114-562-614"
"健診医師求人","E253-738-412","2026年9月28日（月）","神奈川県川崎市麻生区","小田急線新百合ケ丘駅ﾀｸｼｰ12分","8:45～13:00","30,000円","込み","問診 聴診 触診","受診者数約職員84名/職員14名名 /","","以下の公式サイトで求人番号を入力し、お問合せください。
 https://www.e-doctor.ne.jp/k
 求人番号：E253-738-412"
"健診医師求人","E032-046-818","2026年9月30日（水）","神奈川県川崎市麻生区","小田急多摩線栗平駅徒歩10分","8:30～13:00","30,000円","込み","問診 聴診 触診","受診者数約入居者80名 /","","以下の公式サイトで求人番号を入力し、お問合せください。
 https://www.e-doctor.ne.jp/k
 求人番号：E032-046-818"
"健診医師求人","E414-000-634","2026年9月1日（火）","東京都町田市","JR横浜線古淵駅ﾀｸｼｰ13分","12:30～15:00","30,000円","込み","問診 聴診 触診","受診者数約職員25名 /","女性医師が望ましい /","以下の公式サイトで求人番号を入力し、お問合せください。
 https://www.e-doctor.ne.jp/k
 求人番号：E414-000-634"
"健診医師求人","E228-337-567","2026年9月2日（水）","東京都町田市","JR横浜線淵野辺駅ﾀｸｼｰ10分","9:00～12:30","30,000円","込み","問診 聴診 触診","受診者数約利用者50名 /","","以下の公式サイトで求人番号を入力し、お問合せください。
 https://www.e-doctor.ne.jp/k
 求人番号：E228-337-567"
"健診医師求人","E027-740-201","2026年9月1日（火）","神奈川県足柄下郡箱根町","箱根登山鉄道鋼索線早雲山駅タクシー１６分","9:45～16:00","50,000円","込み","問診 聴診 触診","受診者数約職員70名 /","","以下の公式サイトで求人番号を入力し、お問合せください。
 https://www.e-doctor.ne.jp/k
 求人番号：E027-740-201"
"健診医師求人","E850-212-312","2026年9月8日（火）","東京都町田市","JR横浜線古淵駅ﾀｸｼｰ9分","9:00～12:00","30,000円","込み","問診 聴診 触診","受診者数約利用者35名 /","","以下の公式サイトで求人番号を入力し、お問合せください。
 https://www.e-doctor.ne.jp/k
 求人番号：E850-212-312"
"健診医師求人","E004-037-435","2026年9月7日（月）","神奈川県足柄下郡箱根町","箱根登山鉄道線宮ノ下駅徒歩7分","8:15～15:00","50,000円","込み","問診 聴診 触診","受診者数約職員120名 /","","以下の公式サイトで求人番号を入力し、お問合せください。
 https://www.e-doctor.ne.jp/k
 求人番号：E004-037-435"
"健診医師求人","E588-048-324","2026年9月9日（水）","東京都町田市","JR横浜線古淵駅ﾀｸｼｰ9分","9:00～12:00","30,000円","込み","問診 聴診 触診","受診者数約利用者35名 /","","以下の公式サイトで求人番号を入力し、お問合せください。
 https://www.e-doctor.ne.jp/k
 求人番号：E588-048-324"
"健診医師求人","E654-514-707","2026年9月11日（金）","東京都町田市","小田急線鶴川駅徒歩10分","9:00～17:00","55,000円","込み","問診 聴診 触診","受診者数約利用者30名/入居者50名名 /","","以下の公式サイトで求人番号を入力し、お問合せください。
 https://www.e-doctor.ne.jp/k
 求人番号：E654-514-707"
"健診医師求人","E581-100-371","2026年9月7日（月）","神奈川県足柄下郡箱根町","箱根登山鉄道線宮ノ下駅徒歩7分","8:15～15:00","50,000円","込み","問診 聴診 触診","受診者数約120名 /","","以下の公式サイトで求人番号を入力し、お問合せください。
 https://www.e-doctor.ne.jp/k
 求人番号：E581-100-371"
"健診医師求人","E582-544-253","2026年9月11日（金）","神奈川県足柄下郡箱根町","箱根登山鉄道線小涌谷駅タクシー１３分","8:15～12:00","30,000円","込み","問診 聴診 触診","受診者数約職員60名 /","","以下の公式サイトで求人番号を入力し、お問合せください。
 https://www.e-doctor.ne.jp/k
 求人番号：E582-544-253"
"健診医師求人","E524-830-781","2026年9月18日（金）","東京都町田市","JR横浜線成瀬駅ﾀｸｼｰ6分","9:30～13:45","35,000円","込み","問診 聴診 触診","受診者数約利用者70名 /","","以下の公式サイトで求人番号を入力し、お問合せください。
 https://www.e-doctor.ne.jp/k
 求人番号：E524-830-781"
"健診医師求人","E224-544-136","2026年9月14日（月）","神奈川県足柄下郡箱根町","箱根登山鉄道線宮ノ下駅徒歩7分","8:15～13:00","35,000円","込み","問診 聴診 触診","受診者数約職員100名 /","","以下の公式サイトで求人番号を入力し、お問合せください。
 https://www.e-doctor.ne.jp/k
 求人番号：E224-544-136"
"健診医師求人","E333-444-222","2026年9月15日（火）","神奈川県足柄下郡箱根町","箱根登山鉄道線箱根湯本駅徒歩3分","8:15～14:00","35,000円","込み","問診 聴診 触診","受診者数約職員200名 /","","以下の公式サイトで求人番号を入力し、お問合せください。
 https://www.e-doctor.ne.jp/k
 求人番号：E333-444-222"
"健診医師求人","E427-510-413","2026年9月15日（火）","神奈川県足柄下郡箱根町","箱根登山鉄道線箱根湯本駅徒歩3分","8:15～14:00","35,000円","込み","問診 聴診 触診","受診者数約200名 /","","以下の公式サイトで求人番号を入力し、お問合せください。
 https://www.e-doctor.ne.jp/k
 求人番号：E427-510-413"
"健診医師求人","E654-203-184","2026年9月16日（水）","神奈川県足柄上郡松田町","小田急小田原線渋沢駅タクシー19分","8:45～13:00","30,000円","込み","問診 聴診 触診","受診者数約職員80名 /","","以下の公式サイトで求人番号を入力し、お問合せください。
 https://www.e-doctor.ne.jp/k
 求人番号：E654-203-184"
"健診医師求人","E666-021-164","2026年9月29日（火）","東京都武蔵村山市","JR中央線立川(北口)駅ﾀｸｼｰ25分","9:15～16:00","50,000円","込み","問診 聴診 触診","受診者数約 /","","以下の公式サイトで求人番号を入力し、お問合せください。
 https://www.e-doctor.ne.jp/k
 求人番号：E666-021-164"
"健診医師求人","E500-542-080","2026年9月30日（水）","東京都町田市","JR横浜線相原(西口)駅ﾀｸｼｰ8分","9:00～12:30","30,000円","込み","問診 聴診 触診","受診者数約職員50名 /","","以下の公式サイトで求人番号を入力し、お問合せください。
 https://www.e-doctor.ne.jp/k
 求人番号：E500-542-080"
"健診医師求人","E025-236-623","2026年9月16日（水）","神奈川県足柄上郡松田町","小田急小田原線渋沢駅タクシー19分","8:45～15:00","50,000円","込み","問診 聴診 触診","受診者数約80＋80名 /","","以下の公式サイトで求人番号を入力し、お問合せください。
 https://www.e-doctor.ne.jp/k
 求人番号：E025-236-623"
"健診医師求人","E510-067-170","2026年9月25日（金）","神奈川県南足柄市","伊豆箱根鉄道線大雄山駅ﾀｸｼｰ9分","8:45～12:00","30,000円","込み","問診 聴診 触診","受診者数約職員110名 /","","以下の公式サイトで求人番号を入力し、お問合せください。
 https://www.e-doctor.ne.jp/k
 求人番号：E510-067-170"
"健診医師求人","E242-800-200","2026年9月4日（金）","東京都品川区","JR湘南新宿ライン線大崎駅徒歩2分","9:00～12:00","50,000円","別途 上限3,000円","問診 子宮がん検診","受診者数約40/1日名","","以下の公式サイトで求人番号を入力し、お問合せください。
 https://www.e-doctor.ne.jp/k
 求人番号：E242-800-200"
"健診医師求人","E173-473-074","2026年10月2日（金）","千葉県匝瑳市","JR総武本線八日市場駅徒歩12分","9:00～13:00","40,000円","別途 上限10,000円","問診 聴診","受診者数約217名 /","","以下の公式サイトで求人番号を入力し、お問合せください。
 https://www.e-doctor.ne.jp/k
 求人番号：E173-473-074"
"健診医師求人","E166-428-876","2026年10月2日（金）","千葉県匝瑳市","JR総武本線八日市場駅徒歩12分","9:00～13:00","40,000円","別途 上限10,000円","問診 聴診","受診者数約217名 /","","以下の公式サイトで求人番号を入力し、お問合せください。
 https://www.e-doctor.ne.jp/k
 求人番号：E166-428-876"
"健診医師求人","E305-017-170","2026年10月5日（月）","千葉県匝瑳市","JR総武本線八日市場駅徒歩12分","9:00～16:00","70,000円","別途 上限10,000円","問診 聴診","受診者数約130名 /","","以下の公式サイトで求人番号を入力し、お問合せください。
 https://www.e-doctor.ne.jp/k
 求人番号：E305-017-170"
"健診医師求人","E268-845-401","2026年10月26日（月）","千葉県旭市","JR線旭駅車5分","13:30～16:00","40,000円","別途 上限10,000円","問診 聴診 予防接種","受診者数約112名 /","","以下の公式サイトで求人番号を入力し、お問合せください。
 https://www.e-doctor.ne.jp/k
 求人番号：E268-845-401"
"健診医師求人","E284-676-040","2026年9月11日（金）","東京都新宿区","JR線新宿駅徒歩7分","9:00～16:00","80,000円","別途 上限有り","問診 子宮がん検診 人間ドック","","女性医師が望ましい /","以下の公式サイトで求人番号を入力し、お問合せください。
 https://www.e-doctor.ne.jp/k
 求人番号：E284-676-040"
"健診医師求人","E756-007-000","2026年10月5日（月）","千葉県佐倉市","JR総武本線佐倉駅ﾀｸｼｰ7分","9:00～17:00","70,000円","込み","問診 聴診 触診","受診者数約89名 /","女性医師が望ましい /","以下の公式サイトで求人番号を入力し、お問合せください。
 https://www.e-doctor.ne.jp/k
 求人番号：E756-007-000"
"健診医師求人","E014-182-530","2026年10月6日（火）","東京都八王子市","JR横浜線相原駅ﾀｸｼｰ6分","10:00～14:45","40,000円","込み","問診 聴診 触診","受診者数約100名 /","女性医師が望ましい /","以下の公式サイトで求人番号を入力し、お問合せください。
 https://www.e-doctor.ne.jp/k
 求人番号：E014-182-530"
"健診医師求人","E008-782-744","2026年10月30日（金）","千葉県市","JR内房線姉ケ崎駅ﾀｸｼｰ8分","8:45～12:30","40,000円","込み","問診 聴診 触診","受診者数約110/2日間名 /","","以下の公式サイトで求人番号を入力し、お問合せください。
 https://www.e-doctor.ne.jp/k
 求人番号：E008-782-744"
"健診医師求人","E143-072-236","2026年10月6日（火）","神奈川県厚木市","JR相模線相武台下駅ﾀｸｼｰ15分","9:00～14:00","40,000円","込み","問診 聴診 触診","受診者数約340/3日間名 /","","以下の公式サイトで求人番号を入力し、お問合せください。
 https://www.e-doctor.ne.jp/k
 求人番号：E143-072-236"
"健診医師求人","E153-533-238","2026年10月6日（火）","神奈川県厚木市","JR相模線相武台下駅ﾀｸｼｰ15分","9:00～14:00","40,000円","込み","問診 聴診 触診","受診者数約340/3日間名 /","","以下の公式サイトで求人番号を入力し、お問合せください。
 https://www.e-doctor.ne.jp/k
 求人番号：E153-533-238"
"健診医師求人","E765-351-785","2026年10月7日（水）","神奈川県厚木市","JR相模線相武台下駅ﾀｸｼｰ15分","9:00～14:00","40,000円","込み","問診 聴診 触診","受診者数約340/3日間名 /","","以下の公式サイトで求人番号を入力し、お問合せください。
 https://www.e-doctor.ne.jp/k
 求人番号：E765-351-785"
"健診医師求人","E287-786-285","2026年10月26日（月）","東京都足立区","東武伊勢崎線小菅駅徒歩9分","8:15～12:30","35,000円","込み","問診 聴診 触診 予防接種","受診者数約健診1200名インフル600名(6日間)名 /","","以下の公式サイトで求人番号を入力し、お問合せください。
 https://www.e-doctor.ne.jp/k
 求人番号：E287-786-285"
"健診医師求人","E322-770-372","2026年10月21日（水）","千葉県香取郡多古町","芝山鉄道線芝山千代田駅ﾀｸｼｰ12分","8:30～12:30","40,000円","込み","問診 聴診 触診 予防接種","受診者数約 /","","以下の公式サイトで求人番号を入力し、お問合せください。
 https://www.e-doctor.ne.jp/k
 求人番号：E322-770-372"
"健診医師求人","E040-871-566","2026年10月22日（木）","千葉県市","JR内房線姉ケ崎駅ﾀｸｼｰ8分","8:45～12:30","40,000円","込み","問診 聴診 触診","受診者数約110/2日間名 /","","以下の公式サイトで求人番号を入力し、お問合せください。
 https://www.e-doctor.ne.jp/k
 求人番号：E040-871-566"
"健診医師求人","E226-485-767","2026年10月27日（火）","東京都足立区","東武伊勢崎線小菅駅徒歩9分","8:15～12:30","35,000円","込み","問診 聴診 触診 予防接種","受診者数約健診1200名インフル600名(6日間)名 /","","以下の公式サイトで求人番号を入力し、お問合せください。
 https://www.e-doctor.ne.jp/k
 求人番号：E226-485-767"
"健診医師求人","E383-823-401","2026年10月22日（木）","神奈川県厚木市","JR相模線相武台下駅ﾀｸｼｰ15分","9:00～14:00","40,000円","込み","問診 聴診 触診","受診者数約340/3日間名 /","","以下の公式サイトで求人番号を入力し、お問合せください。
 https://www.e-doctor.ne.jp/k
 求人番号：E383-823-401"
"健診医師求人","E120-863-881","2026年10月22日（木）","神奈川県厚木市","JR相模線相武台下駅ﾀｸｼｰ15分","9:00～14:00","40,000円","込み","問診 聴診 触診","受診者数約340/3日間名 /","","以下の公式サイトで求人番号を入力し、お問合せください。
 https://www.e-doctor.ne.jp/k
 求人番号：E120-863-881"
"健診医師求人","E240-404-040","2026年9月24日（木）","神奈川県横浜市中区","JR京浜東北線根岸駅ﾊﾞｽ+徒歩10分","9:00～12:00","30,000円","込み","","受診者数約17名 /","","以下の公式サイトで求人番号を入力し、お問合せください。
 https://www.e-doctor.ne.jp/k
 求人番号：E240-404-040"
"健診医師求人","E888-683-727","2026年9月29日（火）","神奈川県横浜市都筑区","グリーンライン線センター南駅徒歩6分","9:00～12:00","30,000円","込み","","受診者数約18名 /","","以下の公式サイトで求人番号を入力し、お問合せください。
 https://www.e-doctor.ne.jp/k
 求人番号：E888-683-727"
"健診医師求人","E661-480-885","2026年10月18日（日）","神奈川県川崎市高津区","田園都市線溝の口(南口)駅ﾀｸｼｰ10分","8:15～13:00","60,000円","別途 上限10,000円","問診 聴診 子宮がん検診","受診者数約50名 /","女性医師が望ましい /","以下の公式サイトで求人番号を入力し、お問合せください。
 https://www.e-doctor.ne.jp/k
 求人番号：E661-480-885"
"健診医師求人","E683-014-723","2026年10月8日（木）","東京都立川市","JR線立川駅徒歩4分","9:00～17:00 （内休憩60分）","65,000円","別途 一律3.000円","問診 聴診 特殊検査","受診者数約140（内特健0～数名）名 /","","以下の公式サイトで求人番号を入力し、お問合せください。
 https://www.e-doctor.ne.jp/k
 求人番号：E683-014-723"
"健診医師求人","E418-626-784","2026年9月16日（水）","東京都江東区","JR線亀戸(東口)駅徒歩5分","8:30～13:00","40,000円","込み","問診 聴診","受診者数約20名～40名","","以下の公式サイトで求人番号を入力し、お問合せください。
 https://www.e-doctor.ne.jp/k
 求人番号：E418-626-784"
"健診医師求人","E801-101-711","2026年10月28日（水）","東京都立川市","JR線立川駅徒歩4分","9:00～17:00 （内休憩60分）","65,000円","別途 一律3.000円","問診 聴診 特殊検査 予防接種","受診者数約160（内特健0～数名）名 /","","以下の公式サイトで求人番号を入力し、お問合せください。
 https://www.e-doctor.ne.jp/k
 求人番号：E801-101-711"
"健診医師求人","E433-087-644","2026年10月29日（木）","東京都立川市","JR線立川駅徒歩4分","9:00～17:00 （内休憩60分）","65,000円","別途 一律3.000円","問診 聴診 特殊検査 予防接種","受診者数約160（内特健0～数名）名 /","","以下の公式サイトで求人番号を入力し、お問合せください。
 https://www.e-doctor.ne.jp/k
 求人番号：E433-087-644"